final_rank,pubchem_cid,compound_name,smiles,molecular_weight,logP,hydrogen_bond_acceptors,hydrogen_bond_donors,Lipinski,QED,stereo_centers,tpsa,PAINS_alert,BRENK_alert,NIH_alert,AMES,BBB_Martins,Bioavailability_Ma,CYP1A2_Veith,CYP2C19_Veith,CYP2C9_Substrate_CarbonMangels,CYP2C9_Veith,CYP2D6_Substrate_CarbonMangels,CYP2D6_Veith,CYP3A4_Substrate_CarbonMangels,CYP3A4_Veith,Carcinogens_Lagunin,ClinTox,DILI,HIA_Hou,NR-AR-LBD,NR-AR,NR-AhR,NR-Aromatase,NR-ER-LBD,NR-ER,NR-PPAR-gamma,PAMPA_NCATS,Pgp_Broccatelli,SR-ARE,SR-ATAD5,SR-HSE,SR-MMP,SR-p53,Skin_Reaction,hERG,Caco2_Wang,Clearance_Hepatocyte_AZ,Clearance_Microsome_AZ,Half_Life_Obach,HydrationFreeEnergy_FreeSolv,LD50_Zhu,Lipophilicity_AstraZeneca,PPBR_AZ,Solubility_AqSolDB,VDss_Lombardo,molecular_weight_drugbank_approved_percentile,logP_drugbank_approved_percentile,hydrogen_bond_acceptors_drugbank_approved_percentile,hydrogen_bond_donors_drugbank_approved_percentile,Lipinski_drugbank_approved_percentile,QED_drugbank_approved_percentile,stereo_centers_drugbank_approved_percentile,tpsa_drugbank_approved_percentile,PAINS_alert_drugbank_approved_percentile,BRENK_alert_drugbank_approved_percentile,NIH_alert_drugbank_approved_percentile,AMES_drugbank_approved_percentile,BBB_Martins_drugbank_approved_percentile,Bioavailability_Ma_drugbank_approved_percentile,CYP1A2_Veith_drugbank_approved_percentile,CYP2C19_Veith_drugbank_approved_percentile,CYP2C9_Substrate_CarbonMangels_drugbank_approved_percentile,CYP2C9_Veith_drugbank_approved_percentile,CYP2D6_Substrate_CarbonMangels_drugbank_approved_percentile,CYP2D6_Veith_drugbank_approved_percentile,CYP3A4_Substrate_CarbonMangels_drugbank_approved_percentile,CYP3A4_Veith_drugbank_approved_percentile,Carcinogens_Lagunin_drugbank_approved_percentile,ClinTox_drugbank_approved_percentile,DILI_drugbank_approved_percentile,HIA_Hou_drugbank_approved_percentile,NR-AR-LBD_drugbank_approved_percentile,NR-AR_drugbank_approved_percentile,NR-AhR_drugbank_approved_percentile,NR-Aromatase_drugbank_approved_percentile,NR-ER-LBD_drugbank_approved_percentile,NR-ER_drugbank_approved_percentile,NR-PPAR-gamma_drugbank_approved_percentile,PAMPA_NCATS_drugbank_approved_percentile,Pgp_Broccatelli_drugbank_approved_percentile,SR-ARE_drugbank_approved_percentile,SR-ATAD5_drugbank_approved_percentile,SR-HSE_drugbank_approved_percentile,SR-MMP_drugbank_approved_percentile,SR-p53_drugbank_approved_percentile,Skin_Reaction_drugbank_approved_percentile,hERG_drugbank_approved_percentile,Caco2_Wang_drugbank_approved_percentile,Clearance_Hepatocyte_AZ_drugbank_approved_percentile,Clearance_Microsome_AZ_drugbank_approved_percentile,Half_Life_Obach_drugbank_approved_percentile,HydrationFreeEnergy_FreeSolv_drugbank_approved_percentile,LD50_Zhu_drugbank_approved_percentile,Lipophilicity_AstraZeneca_drugbank_approved_percentile,PPBR_AZ_drugbank_approved_percentile,Solubility_AqSolDB_drugbank_approved_percentile,VDss_Lombardo_drugbank_approved_percentile,docking_score,docking_score_normalized,qed_score,lipinski_score,final_score
1,25127713,poziotinib,COC1=C(C=C2C(=C1)N=CN=C2NC3=C(C(=C(C=C3)Cl)Cl)F)OC4CCN(CC4)C(=O)C=C,491.3500000000003,5.383700000000004,6,1,3.0,0.3685750436003223,0,76.58000000000001,0,2,2,0.16625185,0.3012264,0.7516987,0.2141618,0.6405272,0.19846316,0.7092634,0.07450013,0.13906853,0.6397115,0.7857104,0.11809768,0.2465518,0.95727795,0.9991516,0.055294685,0.08404646,0.5668462,0.58502567,0.11463443,0.24089134,0.15933485,0.8319745,0.91179115,0.80291986,0.3550461,0.26153523,0.78816444,0.5577263,0.16602887,0.7616407,-4.761388,39.031696,61.228996,100.89241,-13.092569,3.643313,4.0046644,96.46619,-5.55005,13.507489,81.40597539543059,91.21265377855887,72.46045694200352,36.59050966608085,20.0,29.068541300527244,22.601054481546576,51.77504393673111,47.59226713532514,87.9261862917399,95.07908611599298,40.597539543058,19.40246045694201,41.01933216168717,66.67838312829527,90.01757469244289,69.20913884007031,94.90333919156416,39.43760984182777,66.18629173989456,72.51318101933217,90.6854130052724,36.41476274165203,74.69244288224957,91.38840070298772,57.60984182776802,84.99121265377856,88.75219683655537,94.481546572935,98.45342706502636,88.08435852372584,87.02987697715291,92.5834797891037,55.07908611599297,94.23550087873464,97.01230228471005,97.6449912126538,94.20035149384888,96.4499121265378,97.2231985940246,8.541300527240773,76.06326889279438,62.21441124780317,56.13356766256591,75.7469244288225,94.41124780316343,47.34622144112478,96.20386643233743,95.00878734622144,81.75746924428823,7.732864674868191,94.481546572935,-9.012,100.0,36.85750436003223,100.0,84.21
2,6445562,pelitinib,CCOC1=C(C=C2C(=C1)N=CC(=C2NC3=CC(=C(C=C3)F)Cl)C#N)NC(=O)C=CCN(C)C,467.9320000000001,5.097580000000004,6,2,3.0,0.4479232477463385,0,90.28,0,1,0,0.5119092,0.2993418,0.8316628,0.19800171,0.10746541,0.21048231,0.19994886,0.16730995,0.07319556,0.6419222,0.339441,0.24671844,0.5117499,0.95903474,0.9755086,0.16677733,0.09977892,0.5084445,0.26521268,0.05753235,0.13077173,0.13967928,0.7501039,0.7416196,0.54220074,0.30991295,0.10293575,0.45746365,0.54596174,0.29374582,0.7629729,-4.7030115,49.68017,50.348183,100.84086,-13.745321,2.4961305,3.3146472,95.64855,-5.6435556,12.625326,78.45342706502637,89.38488576449913,72.46045694200352,61.37082601054482,20.0,39.36731107205624,22.601054481546576,61.37082601054482,47.59226713532514,66.52021089630932,37.188049209138846,79.92970123022847,19.191564147627417,58.45342706502637,65.48330404217927,52.97012302284711,72.26713532513182,75.53602811950792,63.47978910369069,55.11423550087874,72.65377855887523,76.20386643233743,67.90861159929702,93.04042179261864,91.77504393673112,34.62214411247803,92.44288224956064,91.17750439367312,93.53251318101934,90.43936731107206,78.38312829525483,69.66608084358525,91.31810193321616,47.7328646748682,87.1353251318102,86.11599297012303,96.76625659050968,84.25307557117752,85.86994727592268,96.97715289982426,20.421792618629176,76.13356766256591,66.50263620386644,63.55008787346222,68.85764499121267,94.41124780316343,43.16344463971881,53.60281195079087,85.27240773286468,79.92970123022847,6.959578207381371,93.56766256590512,-8.638,86.90476190476188,44.792324774633855,100.0,79.65
3,3081361,vandetanib,CN1CCC(CC1)COC2=C(C=C3C(=C2)N=CN=C3NC4=C(C=C(C=C4)Br)F)OC,475.3620000000001,5.004200000000004,6,1,3.0,0.5415290027618138,0,59.510000000000005,0,0,0,0.39445132,0.87391406,0.9300746,0.28653616,0.05569812,0.13534132,0.010926733,0.5066209,0.32630226,0.7305488,0.23554547,0.08241535,0.74822223,0.7583318,0.9995065,0.03847211,0.06781827,0.48375782,0.07710255,0.019716997,0.11558421,0.007265468,0.9129718,0.6693984,0.27946103,0.08690687,0.016567862,0.14259247,0.14420746,0.23021647,0.95094615,-4.8086214,-1.593502,1.6992447,103.60403,-13.147522,3.5058975,2.8052323,88.32521,-4.017236,20.419226,79.5079086115993,88.54130052724078,72.46045694200352,36.59050966608085,20.0,52.23198594024605,22.601054481546576,38.20738137082601,47.59226713532514,25.869947275922677,37.188049209138846,69.8066783831283,64.85061511423551,89.9121265377856,71.91564147627417,41.652021089630935,51.28295254833041,33.07557117750439,87.2407732864675,78.5237258347979,84.81546572934974,70.22847100175747,25.13181019332162,98.94551845342708,69.77152899824253,61.82776801405976,79.26186291739896,85.02636203866433,92.75922671353251,71.21265377855889,54.1652021089631,64.11247803163445,52.337434094903344,68.01405975395431,83.93673110720563,69.20913884007031,84.11247803163445,51.24780316344464,68.96309314586995,79.29701230228471,13.919156414762742,92.688927943761,58.558875219683664,14.270650263620388,25.9402460456942,94.69244288224957,47.17047451669596,94.481546572935,76.20386643233743,66.78383128295255,32.196836555360285,98.91036906854131,-8.362,77.24089635854341,54.152900276181384,100.0,77.16
4,123631,gefitinib,COC1=C(C=C2C(=C1)N=CN=C2NC3=CC(=C(C=C3)F)Cl)OCCCN4CCOCC4,446.9100000000004,4.2756000000000025,7,1,4.0,0.517854527865434,0,68.74000000000001,0,1,0,0.6036852,0.82156813,0.8929599,0.5472482,0.2535428,0.13484105,0.09337133,0.338062,0.36450607,0.7461642,0.8007169,0.12691677,0.76288986,0.8895389,0.99966115,0.10215397,0.09998642,0.8151867,0.28116232,0.039343692,0.1670548,0.019243682,0.9035796,0.81027794,0.5657277,0.32149753,0.06886741,0.24458551,0.3518637,0.19824526,0.9643568,-4.8473387,31.3624,28.022253,97.293755,-13.987007,3.070106,3.2674255,93.224815,-4.507791,19.835766,75.07908611599298,81.23022847100177,79.85940246045695,36.59050966608085,63.44463971880493,48.64674868189808,22.601054481546576,45.57117750439368,47.59226713532514,66.52021089630932,37.188049209138846,86.08084358523726,59.68365553602813,76.27416520210897,82.2847100175747,70.15817223198594,51.10720562390159,64.85061511423551,79.36731107205624,80.35149384885766,86.85413005272409,91.35325131810194,39.05096660808436,99.29701230228471,81.30052724077329,65.4481546572935,90.05272407732865,91.17750439367312,98.38312829525483,91.14235500878736,69.98242530755712,78.84007029876977,67.34622144112478,66.0456942003515,89.94727592267137,87.7328646748682,96.87170474516697,78.20738137082601,76.4499121265378,92.4780316344464,11.036906854130054,95.07908611599298,55.88752196836556,49.84182776801406,52.44288224956064,93.88400702987698,41.47627416520211,84.92091388400704,84.56942003514939,75.04393673110721,22.530755711775047,98.69947275922672,-8.32,75.7703081232493,51.785452786543395,100.0,75.83
5,156414,canertinib,C=CC(=O)NC1=C(C=C2C(=C1)C(=NC=N2)NC3=CC(=C(C=C3)F)Cl)OCCCN4CCOCC4,485.9470000000004,4.391500000000002,7,2,4.0,0.3429726304570578,0,88.61,0,2,2,0.49477792,0.40493733,0.6579138,0.19107041,0.24906716,0.14655736,0.27904075,0.12544124,0.2924194,0.580165,0.5534277,0.231793,0.7593824,0.91974705,0.96179855,0.28914386,0.13148728,0.64633,0.521522,0.121888205,0.24538879,0.15816858,0.5463395,0.83436185,0.74478066,0.5010807,0.23938508,0.54023105,0.71067876,0.20895867,0.90826017,-5.02574,13.304242,15.505312,112.63635,-16.983616,2.9958916,3.239357,92.5054,-4.681471,19.987078,80.77328646748683,82.35500878734622,79.85940246045695,61.37082601054482,63.44463971880493,25.4481546572935,22.601054481546576,60.21089630931459,47.59226713532514,87.9261862917399,95.07908611599298,78.55887521968366,26.04569420035149,27.90861159929701,64.74516695957821,69.87697715289983,54.86818980667839,80.03514938488577,54.48154657293498,76.90685413005274,64.92091388400704,84.42882249560634,65.72934973637962,99.2267135325132,85.62390158172232,32.40773286467487,94.0597539543058,93.04042179261864,95.99297012302286,97.99648506151144,88.54130052724078,87.38137082601055,92.51318101933217,35.95782073813709,90.93145869947276,95.28998242530756,99.08611599297014,93.53251318101934,89.45518453427066,99.12126537785588,12.16168717047452,87.5219683655536,43.79613356766257,29.490333919156416,39.75395430579965,96.0281195079086,25.65905096660809,81.792618629174,83.90158172231986,73.56766256590511,19.191564147627417,98.84007029876976,-8.544,83.61344537815127,34.297263045705776,100.0,75.38
6,208908,lapatinib,CS(=O)(=O)CCNCC1=CC=C(O1)C2=CC3=C(C=C2)N=CN=C3NC4=CC(=C(C=C4)OCC5=CC(=CC=C5)F)Cl,581.0690000000003,6.139100000000004,8,2,2.0,0.1794794929805593,0,106.35,0,1,0,0.80661887,0.56980455,0.83359957,0.8157218,0.78039753,0.17095184,0.513573,0.15550442,0.7778667,0.7063979,0.96417713,0.29176176,0.6117889,0.97452086,0.999756,0.11170095,0.06548885,0.9383909,0.8021914,0.09767024,0.2985568,0.07171657,0.78064114,0.94911116,0.87335443,0.43842754,0.34089452,0.7354459,0.6219554,0.28521702,0.97751415,-5.071582,20.954678,37.071533,126.07932,-16.654938,3.2812252,3.975413,101.96546,-5.650817,9.65486,88.6115992970123,94.8681898066784,84.51669595782074,61.37082601054482,8.927943760984183,9.98242530755712,22.601054481546576,71.42355008787347,47.59226713532514,66.52021089630932,37.188049209138846,94.93848857644991,38.277680140597546,58.91036906854131,91.70474516695958,94.0597539543058,62.74165202108964,90.43936731107206,61.51142355008788,93.00527240773287,81.54657293497364,97.2231985940246,75.81722319859404,96.16871704745168,94.58699472759228,68.29525483304043,90.47451669595785,84.11247803163445,99.54305799648508,99.6133567662566,86.39718804920915,90.5096660808436,84.42882249560634,50.017574692442885,96.27416520210896,98.6291739894552,98.66432337434097,96.48506151142357,94.93848857644991,98.27768014059755,19.297012302284717,96.94200351493848,41.335676625659055,38.66432337434095,59.71880492091389,96.90685413005274,26.748681898066785,89.98242530755712,94.69244288224957,91.9859402460457,6.854130052724078,89.45518453427066,-8.719,89.74089635854338,17.947949298055928,100.0,74.36
7,10184653,afatinib,CN(C)CC=CC(=O)NC1=C(C=C2C(=C1)C(=NC=N2)NC3=CC(=C(C=C3)F)Cl)OC4CCOC4,485.9470000000002,4.389900000000003,7,2,4.0,0.4572933534123706,1,88.61000000000001,0,1,0,0.62898695,0.42893332,0.8665048,0.15189466,0.08464537,0.13629943,0.0762596,0.17960021,0.09742333,0.65572727,0.36692497,0.15903835,0.7050285,0.94270486,0.98063165,0.1502492,0.09307827,0.5994185,0.26922172,0.05736489,0.17132987,0.04729881,0.74713945,0.5663359,0.5250863,0.3611267,0.061463647,0.37239203,0.54505986,0.21228132,0.86838233,-4.9470263,16.031357,14.867334,104.69033,-16.396772,2.7848094,3.0381398,91.13249,-4.5643525,18.151585,80.77328646748683,82.31985940246047,79.85940246045695,61.37082601054482,63.44463971880493,41.15992970123023,55.32513181019333,60.24604569420036,47.59226713532514,66.52021089630932,37.188049209138846,87.69771528998243,27.662565905096663,67.6274165202109,61.61687170474517,49.10369068541301,51.493848857645,61.6871704745167,65.13181019332163,59.92970123022848,74.6572934973638,77.46924428822496,48.471001757469246,98.17223198594026,89.38488576449913,36.20386643233744,91.91564147627416,90.19332161687171,95.07908611599298,90.61511423550088,78.31282952548331,79.43760984182778,79.40246045694201,47.48681898066784,80.03514938488577,85.0615114235501,97.75043936731107,76.3444639718805,82.60105448154658,96.94200351493848,12.548330404217928,84.14762741652022,49.24428822495607,32.4780316344464,39.12126537785589,94.97363796133568,27.662565905096663,70.86115992970123,80.21089630931459,71.45869947275924,21.40597539543058,98.13708260105447,-8.138,69.39775910364145,45.72933534123706,100.0,71.13
8,71496458,osimertinib,CN1C=C(C2=CC=CC=C21)C3=NC(=NC=C3)NC4=C(C=C(C(=C4)NC(=O)C=C)N(C)CCN(C)C)OC,499.6190000000003,4.509800000000004,7,2,4.0,0.3105348061023151,0,87.55,0,1,2,0.61790264,0.3871993,0.80198556,0.37167448,0.047597475,0.06690861,0.02963627,0.18982184,0.2818478,0.59068763,0.55797666,0.21389885,0.7971645,0.91411006,0.9773615,0.32594565,0.12661433,0.8486662,0.34675014,0.09382878,0.22234039,0.0820242,0.67164135,0.6702543,0.64034253,0.49504098,0.10347913,0.43496686,0.6589618,0.21527472,0.93213004,-5.1424065,27.761871,49.1422,87.72191,-18.018738,2.7890506,3.1984,95.3781,-4.8536835,13.552795,82.2847100175747,84.00702987697716,79.85940246045695,61.37082601054482,63.44463971880493,21.61687170474517,22.601054481546576,59.68365553602813,47.59226713532514,66.52021089630932,95.07908611599298,86.85413005272409,24.42882249560633,51.03690685413006,75.81722319859404,39.64850615114236,27.135325131810195,47.90861159929702,66.46748681898067,76.3444639718805,66.50263620386644,84.49912126537787,62.53075571177505,99.54305799648508,84.74516695957821,35.254833040421794,94.41124780316343,92.82952548330404,98.69947275922672,94.1652021089631,85.86994727592268,85.5536028119508,85.72934973637962,42.108963093145874,84.00702987697716,91.42355008787348,99.0158172231986,84.3585237258348,85.09666080843586,98.66432337434097,12.899824253075572,90.01757469244289,38.59402460456943,46.25659050966608,68.08435852372584,93.0755711775044,21.58172231985941,71.24780316344464,82.91739894551846,79.5079086115993,16.55536028119508,94.6572934973638,-8.243,73.07422969187675,31.05348061023151,100.0,69.3
9,176870,erlotinib,COCCOC1=C(C=C2C(=C1)C(=NC=N2)NC3=CC=CC(=C3)C#C)OCCOC,393.4430000000002,3.405100000000002,7,1,4.0,0.4178840975839869,0,74.73,0,2,0,0.5186524,0.42847452,0.9049379,0.6143134,0.364253,0.122554004,0.24110866,0.12617257,0.090716325,0.6718961,0.8593928,0.09076709,0.30430192,0.97223055,0.99972856,0.07086701,0.10456339,0.89195347,0.54217577,0.081954174,0.2498992,0.044599246,0.9270285,0.671548,0.7226647,0.55787784,0.13029197,0.5686894,0.40071717,0.17735559,0.80625707,-4.7416067,53.894825,35.551727,84.21596,-13.964193,2.6106591,3.1772604,94.82084,-4.5566835,14.597354,64.2530755711775,67.55711775043937,79.85940246045695,36.59050966608085,63.44463971880493,35.36028119507909,22.601054481546576,50.43936731107206,47.59226713532514,87.9261862917399,37.188049209138846,80.42179261862918,27.59226713532513,80.77328646748683,84.49912126537787,78.66432337434095,46.5377855887522,77.99648506151144,54.692442882249566,58.62917398945519,77.01230228471002,93.14586994727593,27.416520210896312,79.68365553602813,93.98945518453428,67.6274165202109,87.38137082601055,91.59929701230227,99.08611599297014,98.24253075571178,83.8664323374341,87.69771528998243,78.6291739894552,71.63444639718806,84.07732864674868,94.34094903339192,99.2267135325132,87.38137082601055,90.5096660808436,93.88400702987698,9.455184534270652,79.78910369068542,63.58523725834799,66.5377855887522,58.59402460456943,92.51318101933217,41.72231985940246,60.87873462214412,82.53075571177506,78.31282952548331,21.61687170474517,95.8523725834798,-7.015,30.077030812324924,41.78840975839869,100.0,50.49
10,22024915,icotinib,C#CC1=CC(=CC=C1)NC2=NC=NC3=CC4=C(C=C32)OCCOCCOCCO4,391.4270000000003,3.1591000000000005,7,1,4.0,0.6727670764195051,0,74.73000000000002,0,1,1,0.23348871,0.55040526,0.93026006,0.763312,0.37700176,0.17749667,0.18929753,0.08152731,0.08597768,0.5248057,0.6959294,0.123502396,0.27644423,0.9850208,0.999778,0.02512933,0.061390676,0.815215,0.40666905,0.049144037,0.27091965,0.041269384,0.8844684,0.36824736,0.59114903,0.50259936,0.06926211,0.39576557,0.30113855,0.117599845,0.73995465,-4.9109173,31.484314,16.163872,82.13795,-14.811589,2.9422002,3.186066,96.01386,-4.523286,12.169416,63.55008787346222,63.62038664323375,79.85940246045695,36.59050966608085,63.44463971880493,70.72056239015818,22.601054481546576,50.474516695957824,47.59226713532514,66.52021089630932,83.09314586994728,52.09138840070299,36.62565905096661,89.94727592267137,89.56063268892795,79.19156414762742,64.67486818980669,74.86818980667839,41.968365553602816,57.57469244288225,58.59402460456943,88.26010544815466,38.10193321616872,77.25834797891038,96.97715289982426,68.92794376098419,71.63444639718806,82.63620386643234,98.4182776801406,96.41476274165204,74.97363796133568,89.06854130052724,77.64499121265379,62.91739894551846,72.26713532513182,89.3145869947276,99.08611599297014,78.27768014059755,83.58523725834799,90.54481546572936,4.710017574692444,74.48154657293497,51.84534270650264,49.9121265377856,40.45694200351494,92.19683655536028,36.27416520210897,79.47275922671353,82.70650263620388,80.7029876977153,22.284710017574696,93.1810193321617,-6.156,0.0,67.27670764195051,100.0,41.82
