compound,cid,vina_affinity_kcal_mol,binding_site_residues,report_file
afatinib,10184653,-8.346,HOH A10; THR A830; LEU A694; THR A766; VAL A702; GLU A738; MET A769; MET A742; LEU A820; ALA A719; LYS A721; GLY A695; PHE A699; GLY A772; LEU A764; GLN A767; ASP A831,C:\Users\chetn\OneDrive\Desktop\agentic - drug - discovery\results\docking\interaction_analysis\afatinib_10184653_interaction_report.txt
gefitinib,123631,-8.126,HOH A10; MET A769; THR A830; THR A766; LYS A721; ASP A831; GLU A738; LEU A764; ALA A719; LEU A820; LEU A694; VAL A702; MET A742; GLN A767; GLY A772; ARG A817,C:\Users\chetn\OneDrive\Desktop\agentic - drug - discovery\results\docking\interaction_analysis\gefitinib_123631_interaction_report.txt
canertinib,156414,-8.518,HOH A10; CYS A773; MET A769; THR A830; GLU A738; THR A766; GLY A772; LYS A721; PHE A771; LEU A694; ALA A719; LEU A820; ASP A776; LEU A764; PRO A770; GLN A767; MET A742; VAL A702; ASP A831,C:\Users\chetn\OneDrive\Desktop\agentic - drug - discovery\results\docking\interaction_analysis\canertinib_156414_interaction_report.txt
erlotinib,176870,-7.132,ARG A817; THR A830; MET A769; ASP A831; ASN A818; ALA A719; LEU A768; PHE A699; CYS A773; LEU A820; LEU A694; HOH A10; LYS A721; THR A766; GLU A738; VAL A702; MET A742,C:\Users\chetn\OneDrive\Desktop\agentic - drug - discovery\results\docking\interaction_analysis\erlotinib_176870_interaction_report.txt
lapatinib,208908,-9.012,LEU A694; LEU A820; HOH A10; THR A766; THR A830; CYS A751; VAL A702; GLU A738; LYS A721; GLY A695; MET A769; ASP A831; PHE A699; MET A742; ALA A719; GLY A772; ARG A817; LEU A764; PRO A770,C:\Users\chetn\OneDrive\Desktop\agentic - drug - discovery\results\docking\interaction_analysis\lapatinib_208908_interaction_report.txt
icotinib,22024915,-6.123,VAL A702; LYS A721; PHE A699; MET A769; LEU A820; ASP A831; GLY A772; LEU A694; LEU A768; THR A830; HOH A10,C:\Users\chetn\OneDrive\Desktop\agentic - drug - discovery\results\docking\interaction_analysis\icotinib_22024915_interaction_report.txt
poziotinib,25127713,-9.055,HOH A10; THR A830; MET A769; THR A766; LEU A764; GLU A738; ASP A831; ALA A719; LYS A721; MET A742; LEU A694; LEU A820; GLY A772; ARG A817; VAL A702; GLN A767; CYS A773; LEU A768,C:\Users\chetn\OneDrive\Desktop\agentic - drug - discovery\results\docking\interaction_analysis\poziotinib_25127713_interaction_report.txt
vandetanib,3081361,-8.366,MET A769; HOH A10; THR A830; LEU A820; LYS A721; VAL A702; MET A742; ASP A831; ALA A719; LEU A694; GLY A772; LEU A764; PHE A771; THR A766; PRO A770; GLN A767; LEU A768; GLU A738; ASP A776,C:\Users\chetn\OneDrive\Desktop\agentic - drug - discovery\results\docking\interaction_analysis\vandetanib_3081361_interaction_report.txt
pelitinib,6445562,-8.638,ASP A831; LYS A721; VAL A702; GLY A695; HOH A10; PHE A699; MET A769; GLY A772; GLU A738; ASN A818; ALA A719; LEU A820; LEU A694; MET A742; ARG A817; LEU A764; THR A830,C:\Users\chetn\OneDrive\Desktop\agentic - drug - discovery\results\docking\interaction_analysis\pelitinib_6445562_interaction_report.txt
osimertinib,71496458,-8.269,PHE A699; LYS A721; ARG A817; VAL A702; ASN A818; ASP A831; MET A769; ASP A813; CYS A773; ALA A719; LEU A820; GLY A772; HOH A10; PRO A853,C:\Users\chetn\OneDrive\Desktop\agentic - drug - discovery\results\docking\interaction_analysis\osimertinib_71496458_interaction_report.txt
